<?xml version="1.0" encoding="utf-8"?>
<!-- XML test case -->
<LectureNote course="CSE681">
  <title>XML Example #1</title>
  <title1 lol = "test" />
  <title1 lol = "test2" />
  <title1 lol = "test2" />
  <reference name="I'm one" name2="I'm two">
    <title3>Programming Microsoft .Net</title3>
    <author>Jeff Prosise <note Company='Wintellect'></note></author>
    <publisher>Microsoft Press</publisher>
    <date>2002</date>
    <page>608</page>
  </reference>
  <comment>Description of PCDATA</comment>
</LectureNote>